ds,y
2/17/2010,0.0
2/18/2010,0.0
2/19/2010,0.0
2/20/2010,0.0
2/21/2010,0.0
2/22/2010,0.0
2/23/2010,0.0
2/24/2010,0.0
2/25/2010,0.0
2/26/2010,0.0
2/27/2010,0.0
2/28/2010,0.0
3/1/2010,0.0
3/2/2010,0.0
3/3/2010,0.0
3/4/2010,0.0
3/5/2010,0.0
3/6/2010,0.0
3/7/2010,0.0
3/8/2010,0.0
3/9/2010,0.0
3/10/2010,0.0
3/11/2010,0.0
3/12/2010,0.0
3/13/2010,0.0
3/14/2010,0.0
3/15/2010,0.0
3/16/2010,0.0
3/17/2010,0.0
3/18/2010,0.0
3/19/2010,0.0
3/20/2010,0.0
3/21/2010,0.0
3/22/2010,0.0
3/23/2010,0.0
3/24/2010,0.0
3/25/2010,0.0
3/26/2010,0.0
3/27/2010,0.0
3/28/2010,0.0
3/29/2010,0.0
3/30/2010,0.0
3/31/2010,0.0
4/1/2010,0.0
4/2/2010,0.0
4/3/2010,0.0
4/4/2010,0.0
4/5/2010,0.0
4/6/2010,0.0
4/7/2010,0.0
4/8/2010,0.0
4/9/2010,0.0
4/10/2010,0.0
4/11/2010,0.0
4/12/2010,0.0
4/13/2010,0.0
4/14/2010,0.0
4/15/2010,0.0
4/16/2010,0.0
4/17/2010,0.0
4/18/2010,0.0
4/19/2010,0.0
4/20/2010,0.0
4/21/2010,0.0
4/22/2010,0.0
4/23/2010,0.0
4/24/2010,0.0
4/25/2010,0.0
4/26/2010,0.0
4/27/2010,0.0
4/28/2010,0.0
4/29/2010,0.0
4/30/2010,0.0
5/1/2010,0.0
5/2/2010,0.0
5/3/2010,0.0
5/4/2010,0.0
5/5/2010,0.0
5/6/2010,0.0
5/7/2010,0.0
5/8/2010,0.0
5/9/2010,0.0
5/10/2010,0.0
5/11/2010,0.0
5/12/2010,0.0
5/13/2010,0.0
5/14/2010,0.0
5/15/2010,0.0
5/16/2010,0.0
5/17/2010,0.0
5/18/2010,0.0
5/19/2010,0.0
5/20/2010,0.0
5/21/2010,0.0
5/22/2010,0.0
5/23/2010,0.0
5/24/2010,0.0
5/25/2010,0.0
5/26/2010,0.0
5/27/2010,0.0
5/28/2010,0.0
5/29/2010,0.0
5/30/2010,0.0
5/31/2010,0.0
6/1/2010,0.0
6/2/2010,0.0
6/3/2010,0.0
6/4/2010,0.0
6/5/2010,0.0
6/6/2010,0.0
6/7/2010,0.0
6/8/2010,0.0
6/9/2010,0.0
6/10/2010,0.0
6/11/2010,0.0
6/12/2010,0.0
6/13/2010,0.0
6/14/2010,0.0
6/15/2010,0.0
6/16/2010,0.0
6/17/2010,0.0
6/18/2010,0.0
6/19/2010,0.0
6/20/2010,0.0
6/21/2010,0.0
6/22/2010,0.0
6/23/2010,0.0
6/24/2010,0.0
6/25/2010,0.0
6/26/2010,0.0
6/27/2010,0.0
6/28/2010,0.0
6/29/2010,0.0
6/30/2010,0.0
7/1/2010,0.0
7/2/2010,0.0
7/3/2010,0.0
7/4/2010,0.0
7/5/2010,0.0
7/6/2010,0.0
7/7/2010,0.0
7/8/2010,0.0
7/9/2010,0.0
7/10/2010,0.0
7/11/2010,0.0
7/12/2010,0.0
7/13/2010,0.0
7/14/2010,0.0
7/15/2010,0.0
7/16/2010,0.0
7/17/2010,0.0
7/18/2010,0.0
7/19/2010,0.0
7/20/2010,0.0
7/21/2010,0.0
7/22/2010,0.0
7/23/2010,0.0
7/24/2010,0.0
7/25/2010,0.0
7/26/2010,0.0
7/27/2010,0.0
7/28/2010,0.0
7/29/2010,0.0
7/30/2010,0.0
7/31/2010,0.0
8/1/2010,0.0
8/2/2010,0.0
8/3/2010,0.0
8/4/2010,0.0
8/5/2010,0.0
8/6/2010,0.0
8/7/2010,0.0
8/8/2010,0.0
8/9/2010,0.0
8/10/2010,0.0
8/11/2010,0.0
8/12/2010,0.0
8/13/2010,0.0
8/14/2010,0.0
8/15/2010,0.0
8/16/2010,0.0
8/17/2010,0.0769
8/18/2010,0.074
8/19/2010,0.0688
8/20/2010,0.0667
8/21/2010,0.066899
8/22/2010,0.0664
8/23/2010,0.066
8/24/2010,0.066889
8/25/2010,0.0665
8/26/2010,0.066499
8/27/2010,0.065
8/28/2010,0.065
8/29/2010,0.0648
8/30/2010,0.069
8/31/2010,0.06497
9/1/2010,0.0649
9/2/2010,0.0629
9/3/2010,0.0634
9/4/2010,0.0613
9/5/2010,0.0629
9/6/2010,0.064
9/7/2010,0.06185
9/8/2010,0.06201
9/9/2010,0.0624
9/10/2010,0.06201
9/11/2010,0.062
9/12/2010,0.064999
9/13/2010,0.06201
9/14/2010,0.0641
9/15/2010,0.175
9/16/2010,0.0619
9/17/2010,0.0609
9/18/2010,0.0609
9/19/2010,0.062599
9/20/2010,0.0634
9/21/2010,0.0633
9/22/2010,0.0628
9/23/2010,0.063
9/24/2010,0.06281
9/25/2010,0.0624
9/26/2010,0.062279
9/27/2010,0.062206
9/28/2010,0.06271
9/29/2010,0.06219
9/30/2010,0.06192
10/1/2010,0.061999
10/2/2010,0.061999
10/3/2010,0.0614
10/4/2010,0.062
10/5/2010,0.06301
10/6/2010,0.0633
10/7/2010,0.0638
10/8/2010,0.088
10/9/2010,0.12001
10/10/2010,0.12
10/11/2010,0.1301
10/12/2010,0.099
10/13/2010,0.095
10/14/2010,0.105
10/15/2010,0.119
10/16/2010,0.109
10/17/2010,0.1045
10/18/2010,0.103
10/19/2010,0.1024
10/20/2010,0.103
10/21/2010,0.109
10/22/2010,0.107
10/23/2010,0.10901
10/24/2010,0.19
10/25/2010,0.15
10/26/2010,0.19
10/27/2010,0.19
10/28/2010,0.19001
10/29/2010,0.191
10/30/2010,0.1919
10/31/2010,0.199
11/1/2010,0.1975
11/2/2010,0.1955
11/3/2010,0.275
11/4/2010,0.23601
11/5/2010,0.2399
11/6/2010,0.29
11/7/2010,0.499999
11/8/2010,0.37
11/9/2010,0.3368
11/10/2010,0.2667
11/11/2010,0.24
11/12/2010,0.251
11/13/2010,0.3
11/14/2010,0.299
11/15/2010,0.2828
11/16/2010,0.2827
11/17/2010,0.28
11/18/2010,0.289999
11/19/2010,0.283
11/20/2010,0.289
11/21/2010,0.29
11/22/2010,0.282
11/23/2010,0.2879
11/24/2010,0.28299
11/25/2010,0.28299
11/26/2010,0.289
11/27/2010,0.284399
11/28/2010,0.28461
11/29/2010,0.279
11/30/2010,0.275
12/1/2010,0.225
12/2/2010,0.25
12/3/2010,0.2553
12/4/2010,0.2589
12/5/2010,0.235
12/6/2010,0.225
12/7/2010,0.226
12/8/2010,0.2477
12/9/2010,0.2388
12/10/2010,0.204
12/11/2010,0.2275
12/12/2010,0.228
12/13/2010,0.22748
12/14/2010,0.23
12/15/2010,0.2468
12/16/2010,0.2459
12/17/2010,0.255
12/18/2010,0.249
12/19/2010,0.2499
12/20/2010,0.275
12/21/2010,0.26909
12/22/2010,0.267
12/23/2010,0.25
12/24/2010,0.25
12/25/2010,0.25
12/26/2010,0.269999
12/27/2010,0.265
12/28/2010,0.28
12/29/2010,0.301
12/30/2010,0.299999
12/31/2010,0.299999
1/1/2011,0.299998
1/2/2011,0.299996
1/3/2011,0.299998
1/4/2011,0.299899
1/5/2011,0.298998
1/6/2011,0.299
1/7/2011,0.322
1/8/2011,0.322898
1/9/2011,0.322998
1/10/2011,0.329
1/11/2011,0.329
1/12/2011,0.35
1/13/2011,0.405
1/14/2011,0.45
1/15/2011,0.4
1/16/2011,0.4
1/17/2011,0.4
1/18/2011,0.38679
1/19/2011,0.3401
1/20/2011,0.3675
1/21/2011,0.44
1/22/2011,0.4299
1/23/2011,0.4443
1/24/2011,0.443
1/25/2011,0.425
1/26/2011,0.425
1/27/2011,0.4174
1/28/2011,0.45
1/29/2011,0.446
1/30/2011,0.48
1/31/2011,0.5
2/1/2011,0.95
2/2/2011,0.840099
2/3/2011,0.75
2/4/2011,0.88
2/5/2011,0.9167
2/6/2011,0.92
2/7/2011,0.90585
2/8/2011,0.9
2/9/2011,0.935
2/10/2011,1.1
2/11/2011,1.0065
2/12/2011,1.0899
2/13/2011,1.08
2/14/2011,1.08
2/15/2011,1.085
2/16/2011,1.05019
2/17/2011,1.05019
2/18/2011,1.05019
2/19/2011,1.02
2/20/2011,0.954896
2/21/2011,0.8796
2/22/2011,0.869499
2/23/2011,0.95
2/24/2011,0.9499
2/25/2011,1.0
2/26/2011,0.988567
2/27/2011,0.96
2/28/2011,0.949231
3/1/2011,0.97
3/2/2011,0.9498
3/3/2011,0.94
3/4/2011,0.9392
3/5/2011,0.918901
3/6/2011,0.910445
3/7/2011,0.909
3/8/2011,0.9072
3/9/2011,0.883751
3/10/2011,0.87
3/11/2011,0.9329
3/12/2011,0.9197
3/13/2011,0.9196
3/14/2011,0.9
3/15/2011,0.899885
3/16/2011,0.89
3/17/2011,0.88
3/18/2011,0.850617
3/19/2011,0.824
3/20/2011,0.79
3/21/2011,0.7883
3/22/2011,0.799646
3/23/2011,0.85
3/24/2011,0.9
3/25/2011,0.89
3/26/2011,0.905
3/27/2011,0.8958
3/28/2011,0.8575
3/29/2011,0.8
3/30/2011,0.795
3/31/2011,0.80098
4/1/2011,0.79997
4/2/2011,0.79697
4/3/2011,0.7998
4/4/2011,0.79
4/5/2011,0.71
4/6/2011,0.747844
4/7/2011,0.7677
4/8/2011,0.799
4/9/2011,0.7676
4/10/2011,0.758899
4/11/2011,0.781
4/12/2011,0.897
4/13/2011,1.0
4/14/2011,0.94
4/15/2011,1.08999
4/16/2011,1.095
4/17/2011,1.085
4/18/2011,1.1999
4/19/2011,1.19
4/20/2011,1.1979
4/21/2011,1.1979
4/22/2011,1.332
4/23/2011,1.549
4/24/2011,1.95
4/25/2011,1.701
4/26/2011,1.73
4/27/2011,1.95
4/28/2011,2.65
4/29/2011,2.7
4/30/2011,4.14996
5/1/2011,4.09
5/2/2011,3.495
5/3/2011,3.49
5/4/2011,3.58
5/5/2011,3.5
5/6/2011,3.5998
5/7/2011,3.7
5/8/2011,3.9
5/9/2011,3.937
5/10/2011,5.2
5/11/2011,6.065
5/12/2011,5.94998
5/13/2011,8.45
5/14/2011,8.9
5/15/2011,8.55
5/16/2011,8.5
5/17/2011,8.38901
5/18/2011,7.874
5/19/2011,7.34
5/20/2011,7.1
5/21/2011,6.6036
5/22/2011,6.61
5/23/2011,7.45
5/24/2011,7.2
5/25/2011,7.51
5/26/2011,9.33
5/27/2011,8.92
5/28/2011,8.735
5/29/2011,8.4992
5/30/2011,9.0
5/31/2011,9.4998
6/1/2011,9.391
6/2/2011,10.57
6/3/2011,14.3
6/4/2011,17.41
6/5/2011,18.998
6/6/2011,19.23
6/7/2011,19.06
6/8/2011,31.9099
6/9/2011,31.5
6/10/2011,35.0
6/11/2011,30.0
6/12/2011,24.99
6/13/2011,24.5
6/14/2011,20.99
6/15/2011,20.0
6/16/2011,19.96
6/17/2011,19.3898
6/18/2011,17.2
6/19/2011,18.8766
6/20/2011,17.35
6/21/2011,15.5
6/22/2011,15.05
6/23/2011,16.0
6/24/2011,16.7501
6/25/2011,17.6
6/26/2011,17.51001
6/27/2011,18.0
6/28/2011,17.52
6/29/2011,17.3
6/30/2011,17.5
7/1/2011,17.0
7/2/2011,16.49
7/3/2011,15.7
7/4/2011,15.85
7/5/2011,15.0
7/6/2011,16.5
7/7/2011,16.25
7/8/2011,15.64276
7/9/2011,15.0
7/10/2011,15.68
7/11/2011,15.1999
7/12/2011,14.63988
7/13/2011,14.15
7/14/2011,14.1
7/15/2011,14.3
7/16/2011,14.1
7/17/2011,13.96
7/18/2011,13.6901
7/19/2011,14.7
7/20/2011,14.04
7/21/2011,13.9389
7/22/2011,13.9389
7/23/2011,13.92
7/24/2011,13.979999
7/25/2011,14.7399
7/26/2011,14.4
7/27/2011,14.13
7/28/2011,14.0
7/29/2011,13.8
7/30/2011,13.8
7/31/2011,14.8999
8/1/2011,13.5501
8/2/2011,13.45
8/3/2011,13.1
8/4/2011,11.4876543
8/5/2011,11.55
8/6/2011,11.0
8/7/2011,9.8
8/8/2011,8.89
8/9/2011,12.1
8/10/2011,10.7
8/11/2011,10.4959
8/12/2011,9.89520343
8/13/2011,10.05
8/14/2011,11.24
8/15/2011,11.89
8/16/2011,11.38
8/17/2011,11.3
8/18/2011,11.67
8/19/2011,11.81
8/20/2011,11.798
8/21/2011,11.59
8/22/2011,11.501
8/23/2011,11.49
8/24/2011,11.4
8/25/2011,10.96554
8/26/2011,10.3
8/27/2011,9.11
8/28/2011,9.48
8/29/2011,9.4811
8/30/2011,9.15031
8/31/2011,9.0
9/1/2011,8.44934
9/2/2011,8.4989
9/3/2011,8.7138
9/4/2011,8.593999999
9/5/2011,8.467
9/6/2011,7.65713
9/7/2011,7.59916
9/8/2011,7.31509
9/9/2011,6.94
9/10/2011,6.20892
9/11/2011,7.4
9/12/2011,7.081
9/13/2011,6.25
9/14/2011,5.990000001
9/15/2011,5.69
9/16/2011,5.23
9/17/2011,5.022
9/18/2011,5.0
9/19/2011,5.6
9/20/2011,6.795
9/21/2011,6.28664
9/22/2011,5.83001
9/23/2011,5.70653
9/24/2011,5.66
9/25/2011,5.5
9/26/2011,5.46014
9/27/2011,5.13018
9/28/2011,4.989
9/29/2011,4.809
9/30/2011,5.35
10/1/2011,5.3
10/2/2011,5.16
10/3/2011,5.07546
10/4/2011,5.03
10/5/2011,5.025
10/6/2011,4.93
10/7/2011,4.85
10/8/2011,4.594
10/9/2011,4.389
10/10/2011,4.25937
10/11/2011,4.14001
10/12/2011,4.20612
10/13/2011,4.45
10/14/2011,4.11455
10/15/2011,4.05
10/16/2011,3.9009
10/17/2011,3.75996
10/18/2011,2.9
10/19/2011,2.64999
10/20/2011,2.42
10/21/2011,2.72002
10/22/2011,3.3
10/23/2011,3.36
10/24/2011,3.2
10/25/2011,3.04
10/26/2011,2.876
10/27/2011,3.0499
10/28/2011,3.255
10/29/2011,3.82717
10/30/2011,3.65026
10/31/2011,3.388
11/1/2011,3.35
11/2/2011,3.44
11/3/2011,3.299
11/4/2011,3.21874
11/5/2011,3.21
11/6/2011,3.05
11/7/2011,3.0289
11/8/2011,3.21
11/9/2011,3.114
11/10/2011,3.0
11/11/2011,3.0
11/12/2011,3.11
11/13/2011,3.099
11/14/2011,3.03
11/15/2011,2.69
11/16/2011,2.6
11/17/2011,2.60031
11/18/2011,2.38998
11/19/2011,2.3
11/20/2011,2.499
11/21/2011,2.29
11/22/2011,2.35
11/23/2011,2.38
11/24/2011,2.46
11/25/2011,2.56
11/26/2011,2.53125
11/27/2011,2.4965
11/28/2011,2.53899
11/29/2011,2.981
11/30/2011,2.959
12/1/2011,3.14
12/2/2011,3.138
12/3/2011,3.12999
12/4/2011,2.99
12/5/2011,2.93
12/6/2011,3.05
12/7/2011,3.082
12/8/2011,3.1
12/9/2011,3.039
12/10/2011,3.04
12/11/2011,3.38
12/12/2011,3.34237
12/13/2011,3.3
12/14/2011,3.277
12/15/2011,3.1933
12/16/2011,3.23
12/17/2011,3.23
12/18/2011,3.25
12/19/2011,3.70036
12/20/2011,4.5
12/21/2011,4.11
12/22/2011,3.99199
12/23/2011,3.95
12/24/2011,3.9499
12/25/2011,4.3897
12/26/2011,4.31259
12/27/2011,4.06
12/28/2011,4.18888
12/29/2011,4.33
12/30/2011,4.3
12/31/2011,4.995
1/1/2012,5.2
1/2/2012,5.4999
1/3/2012,5.29
1/4/2012,5.6063
1/5/2012,6.399
1/6/2012,7.22
1/7/2012,7.01556
1/8/2012,7.2
1/9/2012,7.2
1/10/2012,6.89
1/11/2012,7.138
1/12/2012,6.997
1/13/2012,6.85838999
1/14/2012,6.75
1/15/2012,6.98999
1/16/2012,7.18888
1/17/2012,6.98
1/18/2012,6.95
1/19/2012,6.3
1/20/2012,6.58
1/21/2012,6.55
1/22/2012,6.39
1/23/2012,6.45485
1/24/2012,6.515
1/25/2012,6.45
1/26/2012,6.2
1/27/2012,5.689
1/28/2012,5.74815
1/29/2012,5.76
1/30/2012,5.6
1/31/2012,5.65
2/1/2012,5.638
2/2/2012,6.2
2/3/2012,6.148
2/4/2012,6.0
2/5/2012,5.9625
2/6/2012,5.79
2/7/2012,5.70999
2/8/2012,5.8494
2/9/2012,5.8
2/10/2012,5.92525
2/11/2012,6.0
2/12/2012,5.85
2/13/2012,5.72
2/14/2012,5.6
2/15/2012,4.88
2/16/2012,4.73368
2/17/2012,4.76998
2/18/2012,4.49675
2/19/2012,4.33333
2/20/2012,4.52
2/21/2012,4.4354
2/22/2012,4.54
2/23/2012,4.92481
2/24/2012,5.19778
2/25/2012,5.07
2/26/2012,5.00073
2/27/2012,5.1
2/28/2012,5.0
2/29/2012,4.9
3/1/2012,4.98421
3/2/2012,4.98888
3/3/2012,4.77995
3/4/2012,4.9
3/5/2012,5.04
3/6/2012,5.05
3/7/2012,5.07
3/8/2012,5.0
3/9/2012,4.9499
3/10/2012,4.94
3/11/2012,4.99
3/12/2012,4.95915
3/13/2012,5.41
3/14/2012,5.4444
3/15/2012,5.45
3/16/2012,5.4
3/17/2012,5.3998
3/18/2012,5.37998
3/19/2012,5.3099
3/20/2012,4.98
3/21/2012,4.87
3/22/2012,4.88
3/23/2012,4.83
3/24/2012,4.74896
3/25/2012,4.68294
3/26/2012,4.73793
3/27/2012,4.74
3/28/2012,4.84592
3/29/2012,4.86092
3/30/2012,4.83
3/31/2012,4.95
4/1/2012,4.929
4/2/2012,5.08
4/3/2012,5.01
4/4/2012,4.97
4/5/2012,4.94486
4/6/2012,4.96
4/7/2012,4.98
4/8/2012,4.8
4/9/2012,4.8
4/10/2012,4.9
4/11/2012,4.8941
4/12/2012,4.98
4/13/2012,4.94464
4/14/2012,5.03
4/15/2012,4.98389
4/16/2012,4.98
4/17/2012,5.02207
4/18/2012,5.1782
4/19/2012,5.19
4/20/2012,5.17
4/21/2012,5.48
4/22/2012,5.3287
4/23/2012,5.21799
4/24/2012,5.2
4/25/2012,5.16
4/26/2012,5.18
4/27/2012,5.1372
4/28/2012,5.1176
4/29/2012,5.0184
4/30/2012,5.0
5/1/2012,5.0
5/2/2012,5.1789
5/3/2012,5.184
5/4/2012,5.15
5/5/2012,5.1495
5/6/2012,5.099
5/7/2012,5.0947
5/8/2012,5.1
5/9/2012,5.09609
5/10/2012,5.125
5/11/2012,5.03188
5/12/2012,5.0
5/13/2012,4.99888
5/14/2012,5.036
5/15/2012,5.09
5/16/2012,5.08998
5/17/2012,5.1345
5/18/2012,5.13
5/19/2012,5.14291
5/20/2012,5.15
5/21/2012,5.1475
5/22/2012,5.12
5/23/2012,5.16
5/24/2012,5.2324
5/25/2012,5.15
5/26/2012,5.149
5/27/2012,5.148
5/28/2012,5.16
5/29/2012,5.15889
5/30/2012,5.1725
5/31/2012,5.19
6/1/2012,5.27
6/2/2012,5.279
6/3/2012,5.26466
6/4/2012,5.2785
6/5/2012,5.5
6/6/2012,5.47
6/7/2012,5.529
6/8/2012,5.66
6/9/2012,5.69999
6/10/2012,5.62
6/11/2012,5.54545
6/12/2012,5.7
6/13/2012,5.96
6/14/2012,5.95
6/15/2012,6.165
6/16/2012,6.599
6/17/2012,6.52999
6/18/2012,6.4668
6/19/2012,6.53294
6/20/2012,6.64999
6/21/2012,6.8
6/22/2012,6.79962
6/23/2012,6.65062
6/24/2012,6.5915
6/25/2012,6.44999
6/26/2012,6.4514
6/27/2012,6.55555
6/28/2012,6.66897
6/29/2012,6.662
6/30/2012,6.693
7/1/2012,6.694
7/2/2012,6.75
7/3/2012,6.765
7/4/2012,6.55
7/5/2012,6.77
7/6/2012,6.73449
7/7/2012,6.75
7/8/2012,6.87
7/9/2012,6.896
7/10/2012,7.239
7/11/2012,7.257
7/12/2012,7.32
7/13/2012,7.9
7/14/2012,7.68891
7/15/2012,7.64877
7/16/2012,8.2899
7/17/2012,9.49
7/18/2012,9.39899
7/19/2012,9.27491
7/20/2012,9.23355
7/21/2012,9.7
7/22/2012,9.0
7/23/2012,9.2
7/24/2012,8.96
7/25/2012,8.76998
7/26/2012,8.9
7/27/2012,8.95
7/28/2012,8.93
7/29/2012,8.889
7/30/2012,9.15
7/31/2012,9.44
8/1/2012,9.54
8/2/2012,9.8
8/3/2012,11.1188
8/4/2012,11.3
8/5/2012,11.1869
8/6/2012,11.29112
8/7/2012,11.04
8/8/2012,11.14999
8/9/2012,12.0
8/10/2012,11.6
8/11/2012,11.59788
8/12/2012,11.765
8/13/2012,11.86999
8/14/2012,12.17887
8/15/2012,12.67
8/16/2012,13.84119
8/17/2012,15.4
8/18/2012,15.26014
8/19/2012,12.0
8/20/2012,10.5
8/21/2012,10.29999
8/22/2012,10.26
8/23/2012,10.25
8/24/2012,10.25
8/25/2012,10.25
8/26/2012,10.61913
8/27/2012,12.14999
8/28/2012,11.3807
8/29/2012,11.20999
8/30/2012,10.937
8/31/2012,10.8359
9/1/2012,10.42
9/2/2012,10.18999
9/3/2012,10.5
9/4/2012,10.5934
9/5/2012,10.57888
9/6/2012,11.17
9/7/2012,11.29
9/8/2012,11.21
9/9/2012,11.14288
9/10/2012,11.127
9/11/2012,11.19401
9/12/2012,11.3789
9/13/2012,11.399
9/14/2012,11.75
9/15/2012,11.799
9/16/2012,11.99
9/17/2012,11.9625
9/18/2012,12.09
9/19/2012,12.61
9/20/2012,12.68666
9/21/2012,12.57001
9/22/2012,12.4433
9/23/2012,12.2749
9/24/2012,12.29888
9/25/2012,12.22909
9/26/2012,12.28
9/27/2012,12.46
9/28/2012,12.444
9/29/2012,12.49
9/30/2012,12.47499
10/1/2012,12.481
10/2/2012,12.88
10/3/2012,12.8999
10/4/2012,13.0899
10/5/2012,12.99
10/6/2012,12.89999
10/7/2012,12.7369
10/8/2012,12.08
10/9/2012,12.35
10/10/2012,12.15
10/11/2012,12.19
10/12/2012,12.15
10/13/2012,12.137
10/14/2012,12.0
10/15/2012,12.03
10/16/2012,11.99
10/17/2012,11.99
10/18/2012,11.95998
10/19/2012,11.967
10/20/2012,11.85
10/21/2012,11.7965
10/22/2012,11.81
10/23/2012,12.0
10/24/2012,11.82
10/25/2012,11.71
10/26/2012,11.09988
10/27/2012,10.83883
10/28/2012,10.61
10/29/2012,10.95
10/30/2012,10.85
10/31/2012,11.14
11/1/2012,11.279
11/2/2012,11.20999
11/3/2012,10.60097
11/4/2012,10.68
11/5/2012,10.9
11/6/2012,10.88997
11/7/2012,11.21603
11/8/2012,11.0979
11/9/2012,11.07
11/10/2012,10.95899
11/11/2012,10.939
11/12/2012,11.18
11/13/2012,11.129
11/14/2012,11.05
11/15/2012,11.114
11/16/2012,11.8
11/17/2012,11.8
11/18/2012,11.832
11/19/2012,11.79998
11/20/2012,11.84
11/21/2012,11.784
11/22/2012,12.28
11/23/2012,12.43
11/24/2012,12.4108
11/25/2012,12.6
11/26/2012,12.6515
11/27/2012,12.52999
11/28/2012,12.40712
11/29/2012,12.599
11/30/2012,12.65
12/1/2012,12.68778
12/2/2012,12.68
12/3/2012,12.67901
12/4/2012,12.96675
12/5/2012,13.5
12/6/2012,13.6888
12/7/2012,13.68
12/8/2012,13.55
12/9/2012,13.53
12/10/2012,13.55
12/11/2012,13.63999
12/12/2012,13.63999
12/13/2012,13.79989
12/14/2012,13.90119
12/15/2012,13.7722
12/16/2012,13.66548
12/17/2012,13.498
12/18/2012,13.399
12/19/2012,13.399
12/20/2012,13.72
12/21/2012,13.6475
12/22/2012,13.58998
12/23/2012,13.48547
12/24/2012,13.45
12/25/2012,13.45
12/26/2012,13.3989
12/27/2012,13.47
12/28/2012,13.6499
12/29/2012,13.67
12/30/2012,13.56998
12/31/2012,13.59
1/1/2013,13.561
1/2/2013,13.4
1/3/2013,13.464
1/4/2013,13.48986
1/5/2013,13.548
1/6/2013,13.52999
1/7/2013,13.535
1/8/2013,13.83
1/9/2013,13.87998
1/10/2013,14.32
1/11/2013,14.29999
1/12/2013,14.34999
1/13/2013,14.3148
1/14/2013,14.3
1/15/2013,14.47899
1/16/2013,14.689
1/17/2013,15.39
1/18/2013,15.985
1/19/2013,15.84304
1/20/2013,15.89
1/21/2013,16.98
1/22/2013,17.59
1/23/2013,17.5889
1/24/2013,19.18999
1/25/2013,18.8348
1/26/2013,17.61926
1/27/2013,17.99999
1/28/2013,18.45
1/29/2013,19.8
1/30/2013,19.7
1/31/2013,21.43
2/1/2013,21.3
2/2/2013,21.1
2/3/2013,20.68
2/4/2013,21.05
2/5/2013,20.79
2/6/2013,21.3339
2/7/2013,22.15
2/8/2013,22.15
2/9/2013,23.69997
2/10/2013,23.61458
2/11/2013,24.1955
2/12/2013,25.76997
2/13/2013,26.09999
2/14/2013,26.53092
2/15/2013,26.99898
2/16/2013,27.07009
2/17/2013,25.6083
2/18/2013,26.81565
2/19/2013,28.78999
2/20/2013,29.81231
2/21/2013,29.80012
2/22/2013,30.901
2/23/2013,29.27998
2/24/2013,30.29777
2/25/2013,30.25001
2/26/2013,31.179
2/27/2013,31.40181
2/28/2013,33.50001
3/1/2013,34.87799
3/2/2013,34.1808
3/3/2013,34.10007
3/4/2013,36.35
3/5/2013,40.04
3/6/2013,47.5
3/7/2013,42.49271
3/8/2013,42.98
3/9/2013,46.01112
3/10/2013,46.5
3/11/2013,47.7397
3/12/2013,45.01771
3/13/2013,46.79999
3/14/2013,47.27589
3/15/2013,47.25005
3/16/2013,47.11
3/17/2013,47.4419
3/18/2013,47.65
3/19/2013,57.76
3/20/2013,63.40967
3/21/2013,73.8
3/22/2013,71.5
3/23/2013,63.0
3/24/2013,70.1
3/25/2013,73.88798
3/26/2013,78.0
3/27/2013,88.9
3/28/2013,93.56701
3/29/2013,89.05
3/30/2013,90.99999
3/31/2013,92.50001
4/1/2013,102.51001
4/2/2013,108.73
4/3/2013,138.79
4/4/2013,131.99899
4/5/2013,143.8
4/6/2013,142.49765
4/7/2013,160.0997
4/8/2013,184.0
4/9/2013,237.99
4/10/2013,198.0
4/11/2013,123.40098
4/12/2013,76.488
4/13/2013,109.49999
4/14/2013,91.0
4/15/2013,91.0
4/16/2013,91.0
4/17/2013,85.59999
4/18/2013,96.5
4/19/2013,119.62
4/20/2013,123.86
4/21/2013,125.0
4/22/2013,123.515
4/23/2013,136.08099
4/24/2013,153.20019
4/25/2013,151.12001
4/26/2013,135.601
4/27/2013,128.00001
4/28/2013,135.98999
4/29/2013,141.50002
4/30/2013,139.109
5/1/2013,124.2998
5/2/2013,105.00003
5/3/2013,93.15
5/4/2013,111.98979
5/5/2013,117.89001
5/6/2013,120.94999
5/7/2013,106.81
5/8/2013,113.95001
5/9/2013,109.56154
5/10/2013,117.68
5/11/2013,115.4
5/12/2013,114.32
5/13/2013,117.50298
5/14/2013,119.0
5/15/2013,114.98499
5/16/2013,115.09024
5/17/2013,124.49
5/18/2013,123.74995
5/19/2013,121.05628
5/20/2013,122.65001
5/21/2013,122.5
5/22/2013,122.64
5/23/2013,125.67
5/24/2013,131.5
5/25/2013,132.69
5/26/2013,134.04701
5/27/2013,132.60997
5/28/2013,128.321
5/29/2013,129.97994
5/30/2013,130.99589
5/31/2013,127.34072
6/1/2013,129.19945
6/2/2013,120.60293
6/3/2013,120.00002
6/4/2013,120.56663
6/5/2013,122.4051
6/6/2013,120.68998
6/7/2013,110.29501
6/8/2013,107.8
6/9/2013,98.47045
6/10/2013,104.96851
6/11/2013,108.0
6/12/2013,108.16201
6/13/2013,109.0
6/14/2013,100.0
6/15/2013,101.96998
6/16/2013,100.0
6/17/2013,100.52521
6/18/2013,107.38999
6/19/2013,107.835
6/20/2013,111.97
6/21/2013,111.0
6/22/2013,109.09
6/23/2013,107.68389
6/24/2013,101.96936
6/25/2013,103.86665
6/26/2013,104.40565
6/27/2013,102.79001
6/28/2013,96.63498
6/29/2013,95.85301
6/30/2013,96.5
7/1/2013,90.998
7/2/2013,89.55
7/3/2013,82.8
7/4/2013,79.8
7/5/2013,67.85844
7/6/2013,69.34602
7/7/2013,70.942
7/8/2013,77.64
7/9/2013,76.32791
7/10/2013,78.58899
7/11/2013,87.15
7/12/2013,97.8
7/13/2013,95.995
7/14/2013,94.75
7/15/2013,98.37516
7/16/2013,97.01
7/17/2013,97.97
7/18/2013,90.40001
7/19/2013,93.41082
7/20/2013,91.8775
7/21/2013,88.93999
7/22/2013,91.788
7/23/2013,95.396
7/24/2013,93.6216
7/25/2013,96.2
7/26/2013,96.39475
7/27/2013,95.20461
7/28/2013,99.00001
7/29/2013,101.04202
7/30/2013,101.89998
7/31/2013,104.95555
8/1/2013,104.19
8/2/2013,105.5
8/3/2013,103.80001
8/4/2013,104.67459
8/5/2013,106.4
8/6/2013,106.88378
8/7/2013,105.6
8/8/2013,101.9
8/9/2013,102.3
8/10/2013,102.61802
8/11/2013,103.85001
8/12/2013,104.99498
8/13/2013,107.29884
8/14/2013,100.03
8/15/2013,98.28
8/16/2013,98.51
8/17/2013,98.39
8/18/2013,99.02
8/19/2013,102.07
8/20/2013,104.59
8/21/2013,109.75
8/22/2013,111.01
8/23/2013,107.48
8/24/2013,108.79
8/25/2013,112.9
8/26/2013,111.8
8/27/2013,117.52
8/28/2013,119.25
8/29/2013,119.48
8/30/2013,124.79
8/31/2013,132.75
9/1/2013,130.82
9/2/2013,131.03
9/3/2013,130.45
9/4/2013,126.74
9/5/2013,124.51
9/6/2013,122.44
9/7/2013,120.15
9/8/2013,118.51
9/9/2013,121.66
9/10/2013,123.39
9/11/2013,124.1
9/12/2013,128.45
9/13/2013,128.29
9/14/2013,124.32
9/15/2013,125.46
9/16/2013,126.02
9/17/2013,127.56
9/18/2013,127.23
9/19/2013,124.1
9/20/2013,123.98
9/21/2013,123.5
9/22/2013,122.78
9/23/2013,123.02
9/24/2013,122.59
9/25/2013,124.18
9/26/2013,123.85
9/27/2013,125.6
9/28/2013,126.5
9/29/2013,128.1
9/30/2013,125.8
10/1/2013,127.11
10/2/2013,104.47
10/3/2013,116.95
10/4/2013,122.0
10/5/2013,121.51
10/6/2013,121.6
10/7/2013,123.6
10/8/2013,123.84
10/9/2013,126.08
10/10/2013,126.43
10/11/2013,126.84
10/12/2013,127.53
10/13/2013,129.74
10/14/2013,135.69
10/15/2013,139.24
10/16/2013,141.83
10/17/2013,143.33
10/18/2013,150.59
10/19/2013,165.05
10/20/2013,165.71
10/21/2013,177.07
10/22/2013,191.78
10/23/2013,199.95
10/24/2013,195.78
10/25/2013,172.81
10/26/2013,179.71
10/27/2013,189.06
10/28/2013,196.25
10/29/2013,202.09
10/30/2013,203.39
10/31/2013,201.61
11/1/2013,203.24
11/2/2013,204.15
11/3/2013,206.85
11/4/2013,225.1
11/5/2013,246.63
11/6/2013,258.23
11/7/2013,292.32
11/8/2013,325.56
11/9/2013,359.76
11/10/2013,296.91
11/11/2013,339.38
11/12/2013,353.95
11/13/2013,391.64
11/14/2013,416.5
11/15/2013,428.24
11/16/2013,433.53
11/17/2013,463.0
11/18/2013,583.16
11/19/2013,559.99
11/20/2013,595.0
11/21/2013,694.95
11/22/2013,761.0
11/23/2013,837.99
11/24/2013,833.16
11/25/2013,814.0
11/26/2013,844.9
11/27/2013,961.0
11/28/2013,1009.0
11/29/2013,1083.9
11/30/2013,1119.96
12/1/2013,970.0
12/2/2013,992.27
12/3/2013,1060.0
12/4/2013,1151.0
12/5/2013,1028.34
12/6/2013,894.0
12/7/2013,727.29
12/8/2013,722.99
12/9/2013,871.0
12/10/2013,936.98
12/11/2013,886.2
12/12/2013,845.75
12/13/2013,874.0
12/14/2013,864.7
12/15/2013,848.17
12/16/2013,709.0
12/17/2013,702.05
12/18/2013,576.16
12/19/2013,653.0
12/20/2013,660.0
12/21/2013,612.5
12/22/2013,637.0
12/23/2013,639.9
12/24/2013,647.27
12/25/2013,658.07
12/26/2013,734.42
12/27/2013,715.51
12/28/2013,701.61
12/29/2013,714.79
12/30/2013,739.1
12/31/2013,731.0
1/1/2014,746.9
1/2/2014,758.01
1/3/2014,806.21
1/4/2014,822.38
1/5/2014,896.0
1/6/2014,934.21
1/7/2014,867.38
1/8/2014,825.29
1/9/2014,809.17
1/10/2014,827.46
1/11/2014,891.85
1/12/2014,851.0
1/13/2014,807.83
1/14/2014,820.75
1/15/2014,847.7
1/16/2014,830.9
1/17/2014,793.0
1/18/2014,801.53
1/19/2014,833.0
1/20/2014,831.72
1/21/2014,822.56
1/22/2014,813.05
1/23/2014,813.02
1/24/2014,789.1
1/25/2014,806.0
1/26/2014,826.77
1/27/2014,777.0
1/28/2014,800.2
1/29/2014,803.6
1/30/2014,799.37
1/31/2014,802.5
2/1/2014,815.99
2/2/2014,819.57
2/3/2014,813.8
2/4/2014,809.05
2/5/2014,800.0
2/6/2014,778.0
2/7/2014,742.78
2/8/2014,707.0
2/9/2014,710.0
2/10/2014,665.0
2/11/2014,670.0
2/12/2014,667.01
2/13/2014,633.99
2/14/2014,672.1
2/15/2014,651.42
2/16/2014,623.5
2/17/2014,642.0
2/18/2014,626.77
2/19/2014,623.93
2/20/2014,582.7
2/21/2014,566.16
2/22/2014,603.98
2/23/2014,626.77
2/24/2014,545.0
2/25/2014,528.0
2/26/2014,585.38
2/27/2014,585.17
2/28/2014,577.97
3/1/2014,571.5
3/2/2014,559.88
3/3/2014,666.5
3/4/2014,677.61
3/5/2014,664.85
3/6/2014,657.02
3/7/2014,621.3
3/8/2014,609.0
3/9/2014,637.99
3/10/2014,621.99
3/11/2014,622.9
3/12/2014,642.1
3/13/2014,642.61
3/14/2014,636.47
3/15/2014,636.29
3/16/2014,634.94
3/17/2014,624.7
3/18/2014,627.0
3/19/2014,608.41
3/20/2014,590.0
3/21/2014,579.99
3/22/2014,557.0
3/23/2014,567.13
3/24/2014,572.0
3/25/2014,580.02
3/26/2014,585.7
3/27/2014,520.2
3/28/2014,503.0
3/29/2014,499.94
3/30/2014,449.02
3/31/2014,457.0
4/1/2014,479.51
4/2/2014,445.0
4/3/2014,446.31
4/4/2014,446.01
4/5/2014,451.84
4/6/2014,459.67
4/7/2014,447.74
4/8/2014,454.07
4/9/2014,443.1
4/10/2014,401.0
4/11/2014,427.99
4/12/2014,424.98
4/13/2014,405.0
4/14/2014,453.14
4/15/2014,489.91
4/16/2014,511.5
4/17/2014,495.0
4/18/2014,479.98
4/19/2014,499.9
4/20/2014,500.19
4/21/2014,496.5
4/22/2014,493.33
4/23/2014,487.3
4/24/2014,491.6
4/25/2014,459.15
4/26/2014,463.88
4/27/2014,440.1
4/28/2014,447.0
4/29/2014,447.7
4/30/2014,449.0
5/1/2014,460.01
5/2/2014,447.51
5/3/2014,434.5
5/4/2014,436.21
5/5/2014,427.83
5/6/2014,430.33
5/7/2014,446.65
5/8/2014,441.5
5/9/2014,452.02
5/10/2014,452.42
5/11/2014,435.0
5/12/2014,441.5
5/13/2014,438.95
5/14/2014,447.49
5/15/2014,448.99
5/16/2014,449.51
5/17/2014,449.08
5/18/2014,447.14
5/19/2014,446.42
5/20/2014,485.01
5/21/2014,494.87
5/22/2014,523.84
5/23/2014,527.47
5/24/2014,521.52
5/25/2014,575.0
5/26/2014,584.0
5/27/2014,581.87
5/28/2014,574.33
5/29/2014,568.0
5/30/2014,609.03
5/31/2014,620.45
6/1/2014,674.98
6/2/2014,631.49
6/3/2014,673.9
6/4/2014,644.66
6/5/2014,658.72
6/6/2014,655.75
6/7/2014,654.3
6/8/2014,652.0
6/9/2014,650.93
6/10/2014,649.89
6/11/2014,639.99
6/12/2014,617.0
6/13/2014,582.0
6/14/2014,557.92
6/15/2014,560.49
6/16/2014,595.0
6/17/2014,597.65
6/18/2014,604.6
6/19/2014,604.32
6/20/2014,593.33
6/21/2014,590.99
6/22/2014,596.08
6/23/2014,591.5
6/24/2014,585.54
6/25/2014,567.0
6/26/2014,569.0
6/27/2014,588.97
6/28/2014,597.08
6/29/2014,596.0
6/30/2014,620.0
7/1/2014,654.45
7/2/2014,654.0
7/3/2014,644.04
7/4/2014,635.49
7/5/2014,632.78
7/6/2014,634.49
7/7/2014,621.98
7/8/2014,623.7
7/9/2014,624.84
7/10/2014,619.78
7/11/2014,630.31
7/12/2014,631.98
7/13/2014,630.9
7/14/2014,622.8
7/15/2014,623.17
7/16/2014,619.48
7/17/2014,626.0
7/18/2014,629.86
7/19/2014,630.92
7/20/2014,623.77
7/21/2014,619.14
7/22/2014,621.03
7/23/2014,622.01
7/24/2014,601.18
7/25/2014,602.59
7/26/2014,595.88
7/27/2014,592.51
7/28/2014,586.96
7/29/2014,581.5
7/30/2014,573.48
7/31/2014,586.0
8/1/2014,601.94
8/2/2014,591.59
8/3/2014,589.79
8/4/2014,593.94
8/5/2014,580.21
8/6/2014,581.6
8/7/2014,587.24
8/8/2014,589.3
8/9/2014,588.61
8/10/2014,588.99
8/11/2014,578.97
8/12/2014,569.54
8/13/2014,550.14
8/14/2014,521.66
8/15/2014,498.16
8/16/2014,509.0
8/17/2014,491.88
8/18/2014,468.19
8/19/2014,487.5
8/20/2014,507.3
8/21/2014,525.78
8/22/2014,518.25
8/23/2014,503.88
8/24/2014,510.75
8/25/2014,503.79
8/26/2014,512.79
8/27/2014,514.84
8/28/2014,509.39
8/29/2014,511.99
8/30/2014,503.88
8/31/2014,477.98
9/1/2014,482.59
9/2/2014,483.65
9/3/2014,472.76
9/4/2014,486.0
9/5/2014,485.91
9/6/2014,481.09
9/7/2014,480.62
9/8/2014,476.61
9/9/2014,466.48
9/10/2014,485.03
9/11/2014,469.0
9/12/2014,470.43
9/13/2014,479.86
9/14/2014,475.49
9/15/2014,475.3
9/16/2014,468.0
9/17/2014,448.0
9/18/2014,428.19
9/19/2014,398.89
9/20/2014,415.56
9/21/2014,406.3
9/22/2014,400.98
9/23/2014,423.0
9/24/2014,431.91
9/25/2014,408.08
9/26/2014,405.14
9/27/2014,400.74
9/28/2014,380.0
9/29/2014,381.94
9/30/2014,382.67
10/1/2014,385.27
10/2/2014,375.85
10/3/2014,363.75
10/4/2014,336.0
10/5/2014,293.67
10/6/2014,331.2
10/7/2014,330.7
10/8/2014,346.26
10/9/2014,378.94
10/10/2014,358.97
10/11/2014,359.99
10/12/2014,364.83
10/13/2014,381.46
10/14/2014,411.89
10/15/2014,394.0
10/16/2014,378.02
10/17/2014,382.83
10/18/2014,389.68
10/19/2014,388.99
10/20/2014,384.95
10/21/2014,387.0
10/22/2014,385.1
10/23/2014,363.99
10/24/2014,358.46
10/25/2014,348.89
10/26/2014,355.43
10/27/2014,356.5
10/28/2014,354.94
10/29/2014,343.53
10/30/2014,337.0
10/31/2014,340.95
11/1/2014,327.39
11/2/2014,326.41
11/3/2014,325.81
11/4/2014,328.72
11/5/2014,341.99
11/6/2014,347.96
11/7/2014,342.26
11/8/2014,345.84
11/9/2014,356.34
11/10/2014,375.87
11/11/2014,365.04
11/12/2014,430.07
11/13/2014,406.56
11/14/2014,396.56
11/15/2014,373.14
11/16/2014,383.65
11/17/2014,378.48
11/18/2014,379.91
11/19/2014,374.77
11/20/2014,361.7
11/21/2014,356.9
11/22/2014,359.8
11/23/2014,362.99
11/24/2014,384.0
11/25/2014,381.03
11/26/2014,371.44
11/27/2014,372.62
11/28/2014,376.12
11/29/2014,377.22
11/30/2014,375.96
12/1/2014,381.72
12/2/2014,381.93
12/3/2014,378.25
12/4/2014,371.67
12/5/2014,373.98
12/6/2014,374.05
12/7/2014,375.73
12/8/2014,367.01
12/9/2014,350.29
12/10/2014,350.97
12/11/2014,356.1
12/12/2014,355.08
12/13/2014,350.31
12/14/2014,353.28
12/15/2014,352.15
12/16/2014,336.73
12/17/2014,318.2
12/18/2014,317.7
12/19/2014,317.63
12/20/2014,325.7
12/21/2014,326.93
12/22/2014,332.53
12/23/2014,336.96
12/24/2014,327.59
12/25/2014,319.31
12/26/2014,328.09
12/27/2014,314.45
12/28/2014,317.5
12/29/2014,314.49
12/30/2014,313.09
12/31/2014,317.4
1/1/2015,315.7
1/2/2015,316.15
1/3/2015,302.33
1/4/2015,270.93
1/5/2015,276.8
1/6/2015,276.8
1/7/2015,276.8
1/8/2015,276.8
1/9/2015,276.8
1/10/2015,278.0
1/11/2015,272.25
1/12/2015,270.0
1/13/2015,230.89
1/14/2015,176.5
1/15/2015,218.11
1/16/2015,205.35
1/17/2015,197.12
1/18/2015,211.18
1/19/2015,212.39
1/20/2015,212.99
1/21/2015,215.2
1/22/2015,233.9
1/23/2015,233.03
1/24/2015,244.64
1/25/2015,247.11
1/26/2015,271.47
1/27/2015,266.03
1/28/2015,249.25
1/29/2015,233.19
1/30/2015,230.11
1/31/2015,229.7
2/1/2015,220.72
2/2/2015,223.0
2/3/2015,236.51
2/4/2015,222.56
2/5/2015,217.37
2/6/2015,220.47
2/7/2015,225.16
2/8/2015,223.5
2/9/2015,220.39
2/10/2015,220.16
2/11/2015,221.99
2/12/2015,221.83
2/13/2015,239.94
2/14/2015,245.31
2/15/2015,243.99
2/16/2015,235.86
2/17/2015,244.0
2/18/2015,234.87
2/19/2015,241.59
2/20/2015,243.56
2/21/2015,245.66
2/22/2015,236.0
2/23/2015,237.09
2/24/2015,240.1
2/25/2015,238.59
2/26/2015,237.5
2/27/2015,254.0
2/28/2015,252.98
3/1/2015,247.56
3/2/2015,263.81
3/3/2015,275.8
3/4/2015,281.65
3/5/2015,265.63
3/6/2015,272.12
3/7/2015,275.83
3/8/2015,273.87
3/9/2015,287.48
3/10/2015,294.06
3/11/2015,293.29
3/12/2015,297.39
3/13/2015,289.51
3/14/2015,284.21
3/15/2015,283.57
3/16/2015,290.88
3/17/2015,287.02
3/18/2015,265.85
3/19/2015,260.62
3/20/2015,259.8
3/21/2015,257.83
3/22/2015,260.5
3/23/2015,266.07
3/24/2015,247.83
3/25/2015,245.68
3/26/2015,251.98
3/27/2015,248.63
3/28/2015,251.52
3/29/2015,244.05
3/30/2015,245.18
3/31/2015,242.92
4/1/2015,242.7
4/2/2015,252.44
4/3/2015,254.39
4/4/2015,253.77
4/5/2015,257.03
4/6/2015,254.7
4/7/2015,255.48
4/8/2015,245.89
4/9/2015,244.98
4/10/2015,235.71
4/11/2015,236.7
4/12/2015,236.76
4/13/2015,225.99
4/14/2015,216.0
4/15/2015,218.96
4/16/2015,229.62
4/17/2015,222.67
4/18/2015,222.32
4/19/2015,225.72
4/20/2015,224.63
4/21/2015,224.88
4/22/2015,237.34
4/23/2015,235.48
4/24/2015,230.93
4/25/2015,228.6
4/26/2015,218.42
4/27/2015,222.59
4/28/2015,222.66
4/29/2015,225.69
4/30/2015,235.13
5/1/2015,233.43
5/2/2015,234.13
5/3/2015,240.51
5/4/2015,236.17
5/5/2015,234.66
5/6/2015,235.79
5/7/2015,233.99
5/8/2015,244.72
5/9/2015,241.08
5/10/2015,239.35
5/11/2015,244.19
5/12/2015,241.51
5/13/2015,242.72
5/14/2015,238.32
5/15/2015,237.6
5/16/2015,236.63
5/17/2015,235.78
5/18/2015,236.45
5/19/2015,232.04
5/20/2015,234.6
5/21/2015,236.0
5/22/2015,240.5
5/23/2015,238.77
5/24/2015,240.46
5/25/2015,235.65
5/26/2015,235.94
5/27/2015,235.0
5/28/2015,236.48
5/29/2015,235.87
5/30/2015,231.12
5/31/2015,231.95
6/1/2015,222.4
6/2/2015,224.83
6/3/2015,226.29
6/4/2015,225.54
6/5/2015,224.15
6/6/2015,224.49
6/7/2015,222.6
6/8/2015,228.0
6/9/2015,230.1
6/10/2015,228.01
6/11/2015,229.0
6/12/2015,229.98
6/13/2015,230.22
6/14/2015,232.05
6/15/2015,236.46
6/16/2015,245.35
6/17/2015,249.96
6/18/2015,248.25
6/19/2015,246.45
6/20/2015,244.08
6/21/2015,242.47
6/22/2015,246.35
6/23/2015,243.92
6/24/2015,240.64
6/25/2015,241.92
6/26/2015,241.19
6/27/2015,248.5
6/28/2015,248.76
6/29/2015,253.8
6/30/2015,262.53
7/1/2015,257.85
7/2/2015,255.06
7/3/2015,255.1
7/4/2015,257.92
7/5/2015,270.92
7/6/2015,273.37
7/7/2015,267.26
7/8/2015,269.68
7/9/2015,270.68
7/10/2015,286.98
7/11/2015,293.5
7/12/2015,309.3
7/13/2015,289.9
7/14/2015,292.87
7/15/2015,290.95
7/16/2015,275.76
7/17/2015,277.99
7/18/2015,278.08
7/19/2015,276.09
7/20/2015,278.26
7/21/2015,278.97
7/22/2015,277.54
7/23/2015,276.64
7/24/2015,287.3
7/25/2015,287.12
7/26/2015,292.33
7/27/2015,290.79
7/28/2015,295.24
7/29/2015,290.7
7/30/2015,287.56
7/31/2015,284.78
8/1/2015,280.72
8/2/2015,280.69
8/3/2015,284.39
8/4/2015,285.0
8/5/2015,282.69
8/6/2015,277.1
8/7/2015,279.39
8/8/2015,269.89
8/9/2015,265.42
8/10/2015,264.07
8/11/2015,265.85
8/12/2015,267.89
8/13/2015,265.97
8/14/2015,266.99
8/15/2015,265.41
8/16/2015,257.47
8/17/2015,257.45
8/18/2015,253.91
8/19/2015,233.29
8/20/2015,233.23
8/21/2015,233.59
8/22/2015,226.04
8/23/2015,228.68
8/24/2015,213.24
8/25/2015,222.02
8/26/2015,228.84
8/27/2015,228.27
8/28/2015,234.17
8/29/2015,228.22
8/30/2015,226.47
8/31/2015,230.94
9/1/2015,228.32
9/2/2015,230.68
9/3/2015,227.42
9/4/2015,230.8
9/5/2015,234.67
9/6/2015,240.2
9/7/2015,241.31
9/8/2015,243.08
9/9/2015,240.08
9/10/2015,239.68
9/11/2015,239.93
9/12/2015,235.13
9/13/2015,229.86
9/14/2015,230.88
9/15/2015,230.0
9/16/2015,227.86
9/17/2015,234.0
9/18/2015,232.99
9/19/2015,230.71
9/20/2015,230.2
9/21/2015,226.56
9/22/2015,229.43
9/23/2015,229.95
9/24/2015,233.9
9/25/2015,235.79
9/26/2015,233.76
9/27/2015,232.85
9/28/2015,238.94
9/29/2015,237.68
9/30/2015,237.91
10/1/2015,238.98
10/2/2015,237.78
10/3/2015,239.17
10/4/2015,239.47
10/5/2015,239.22
10/6/2015,246.67
10/7/2015,245.25
10/8/2015,243.91
10/9/2015,244.78
10/10/2015,245.79
10/11/2015,248.08
10/12/2015,246.63
10/13/2015,249.58
10/14/2015,254.6
10/15/2015,254.73
10/16/2015,262.31
10/17/2015,269.07
10/18/2015,262.44
10/19/2015,264.16
10/20/2015,269.8
10/21/2015,269.1
10/22/2015,273.95
10/23/2015,277.43
10/24/2015,279.9
10/25/2015,295.01
10/26/2015,284.95
10/27/2015,294.73
10/28/2015,298.95
10/29/2015,310.36
10/30/2015,329.2
10/31/2015,310.92
11/1/2015,311.5
11/2/2015,340.69
11/3/2015,409.0
11/4/2015,437.05
11/5/2015,400.0
11/6/2015,388.38
11/7/2015,387.38
11/8/2015,381.51
11/9/2015,378.8
11/10/2015,353.58
11/11/2015,309.9
11/12/2015,331.6
11/13/2015,332.2
11/14/2015,331.9
11/15/2015,322.33
11/16/2015,329.32
11/17/2015,335.95
11/18/2015,334.46
11/19/2015,329.0
11/20/2015,320.62
11/21/2015,325.56
11/22/2015,322.33
11/23/2015,324.49
11/24/2015,321.1
11/25/2015,325.0
11/26/2015,348.0
11/27/2015,359.54
11/28/2015,353.88
11/29/2015,363.98
11/30/2015,372.53
12/1/2015,359.32
12/2/2015,360.98
12/3/2015,362.49
12/4/2015,360.88
12/5/2015,377.72
12/6/2015,390.04
12/7/2015,395.58
12/8/2015,394.99
12/9/2015,414.01
12/10/2015,415.64
12/11/2015,444.29
12/12/2015,426.06
12/13/2015,438.79
12/14/2015,445.6
12/15/2015,459.48
12/16/2015,454.43
12/17/2015,453.39
12/18/2015,458.95
12/19/2015,461.16
12/20/2015,434.98
12/21/2015,438.7
12/22/2015,435.98
12/23/2015,441.4
12/24/2015,453.95
12/25/2015,454.98
12/26/2015,417.99
12/27/2015,418.46
12/28/2015,423.98
12/29/2015,431.13
12/30/2015,428.0
12/31/2015,429.34
1/1/2016,432.33
1/2/2016,433.94
1/3/2016,428.13
1/4/2016,433.0
1/5/2016,431.9
1/6/2016,430.75
1/7/2016,453.71
1/8/2016,447.04
1/9/2016,450.15
1/10/2016,446.24
1/11/2016,447.11
1/12/2016,446.66
1/13/2016,429.57
1/14/2016,431.9
1/15/2016,391.62
1/16/2016,370.4
1/17/2016,385.45
1/18/2016,385.28
1/19/2016,378.66
1/20/2016,408.33
1/21/2016,408.0
1/22/2016,385.7
1/23/2016,388.5
1/24/2016,404.75
1/25/2016,387.09
1/26/2016,394.12
1/27/2016,394.45
1/28/2016,382.44
1/29/2016,377.26
1/30/2016,378.24
1/31/2016,376.86
2/1/2016,372.0
2/2/2016,373.48
2/3/2016,368.38
2/4/2016,385.06
2/5/2016,386.49
2/6/2016,373.04
2/7/2016,373.74
2/8/2016,375.8
2/9/2016,372.61
2/10/2016,378.98
2/11/2016,376.75
2/12/2016,381.46
2/13/2016,388.6
2/14/2016,402.38
2/15/2016,402.64
2/16/2016,406.69
2/17/2016,418.04
2/18/2016,418.97
2/19/2016,418.02
2/20/2016,439.48
2/21/2016,434.67
2/22/2016,438.5
2/23/2016,417.0
2/24/2016,423.1
2/25/2016,421.4
2/26/2016,424.34
2/27/2016,432.0
2/28/2016,433.47
2/29/2016,436.18
3/1/2016,431.87
3/2/2016,429.99
3/3/2016,421.44
3/4/2016,416.48
3/5/2016,401.0
3/6/2016,408.86
3/7/2016,411.94
3/8/2016,412.39
3/9/2016,413.1
3/10/2016,416.0
3/11/2016,421.22
3/12/2016,410.0
3/13/2016,412.44
3/14/2016,413.89
3/15/2016,414.78
3/16/2016,415.99
3/17/2016,418.64
3/18/2016,408.87
3/19/2016,405.59
3/20/2016,410.77
3/21/2016,410.49
3/22/2016,415.35
3/23/2016,417.8
3/24/2016,416.47
3/25/2016,416.44
3/26/2016,415.71
3/27/2016,426.8
3/28/2016,422.96
3/29/2016,414.0
3/30/2016,412.35
3/31/2016,416.94
4/1/2016,416.25
4/2/2016,418.07
4/3/2016,418.07
4/4/2016,418.99
4/5/2016,421.77
4/6/2016,421.09
4/7/2016,420.33
4/8/2016,422.2
4/9/2016,417.73
4/10/2016,421.63
4/11/2016,420.69
4/12/2016,425.89
4/13/2016,424.61
4/14/2016,423.76
4/15/2016,429.09
4/16/2016,429.43
4/17/2016,425.71
4/18/2016,427.28
4/19/2016,435.91
4/20/2016,442.34
4/21/2016,451.0
4/22/2016,447.25
4/23/2016,451.29
4/24/2016,459.4
4/25/2016,463.86
4/26/2016,467.98
4/27/2016,447.31
4/28/2016,450.0
4/29/2016,456.16
4/30/2016,447.17
5/1/2016,451.9
5/2/2016,443.9
5/3/2016,450.96
5/4/2016,447.37
5/5/2016,448.51
5/6/2016,460.91
5/7/2016,459.04
5/8/2016,457.82
5/9/2016,461.63
5/10/2016,450.0
5/11/2016,452.51
5/12/2016,454.7
5/13/2016,456.82
5/14/2016,455.65
5/15/2016,457.08
5/16/2016,454.88
5/17/2016,452.89
5/18/2016,452.9
5/19/2016,441.87
5/20/2016,441.25
5/21/2016,443.89
5/22/2016,438.0
5/23/2016,442.17
5/24/2016,445.34
5/25/2016,447.94
5/26/2016,452.49
5/27/2016,470.29
5/28/2016,522.43
5/29/2016,512.16
5/30/2016,525.15
5/31/2016,531.15
6/1/2016,539.47
6/2/2016,539.99
6/3/2016,568.0
6/4/2016,573.74
6/5/2016,574.02
6/6/2016,584.5
6/7/2016,577.54
6/8/2016,578.68
6/9/2016,575.2941375
6/10/2016,577.549875
6/11/2016,594.4399875
6/12/2016,664.8465
6/13/2016,702.0665
6/14/2016,685.241875
6/15/2016,692.289625
6/16/2016,762.43005
6/17/2016,743.9164
6/18/2016,754.36625
6/19/2016,760.8168
6/20/2016,729.1925857
6/21/2016,665.9586125
6/22/2016,587.4542375
6/23/2016,624.542
6/24/2016,660.60465
6/25/2016,664.9068875
6/26/2016,627.3926125
6/27/2016,646.7030125
6/28/2016,646.378475
6/29/2016,637.959625
6/30/2016,671.407925
7/1/2016,675.1863375
7/2/2016,701.7121125
7/3/2016,658.4175
7/4/2016,676.3294375
7/5/2016,666.4855875
7/6/2016,673.786825
7/7/2016,636.3588625
7/8/2016,659.5552375
7/9/2016,651.8649125
7/10/2016,648.0949
7/11/2016,647.9837
7/12/2016,672.7653125
7/13/2016,657.4524875
7/14/2016,658.8316125
7/15/2016,664.57145
7/16/2016,662.15335
7/17/2016,675.45905
7/18/2016,673.2056375
7/19/2016,672.8432
7/20/2016,665.643125
7/21/2016,664.882075
7/22/2016,651.5813625
7/23/2016,655.8469125
7/24/2016,661.4130125
7/25/2016,654.69545
7/26/2016,655.0654625
7/27/2016,654.9810375
7/28/2016,655.32875
7/29/2016,656.8876125
7/30/2016,654.7369625
7/31/2016,628.015375
8/1/2016,606.3223429
8/2/2016,515.0619
8/3/2016,565.0516714
8/4/2016,577.3157714
8/5/2016,576.5590857
8/6/2016,588.2312714
8/7/2016,594.2748857
8/8/2016,592.6975
8/9/2016,588.7753875
8/10/2016,592.1899
8/11/2016,589.24185
8/12/2016,587.7556
8/13/2016,586.4345375
8/14/2016,570.9764143
8/15/2016,570.142225
8/16/2016,581.1185875
8/17/2016,575.518
8/18/2016,576.0360875
8/19/2016,576.657075
8/20/2016,583.2078625
8/21/2016,582.821675
8/22/2016,588.9727625
8/23/2016,586.18515
8/24/2016,582.8479875
8/25/2016,579.86365
8/26/2016,581.07245
8/27/2016,571.5419875
8/28/2016,576.534
8/29/2016,575.2244125
8/30/2016,578.616575
8/31/2016,574.8279375
9/1/2016,572.818375
9/2/2016,576.218
9/3/2016,600.8860875
9/4/2016,610.59875
9/5/2016,608.10975
9/6/2016,611.097475
9/7/2016,614.4637625
9/8/2016,627.777875
9/9/2016,625.0709
9/10/2016,625.7635
9/11/2016,608.15855
9/12/2016,609.6705
9/13/2016,610.928125
9/14/2016,612.0847375
9/15/2016,610.386125
9/16/2016,609.11465
9/17/2016,608.006875
9/18/2016,611.5859
9/19/2016,610.1965
9/20/2016,609.74875
9/21/2016,598.884875
9/22/2016,597.4226
9/23/2016,604.2225
9/24/2016,603.8854
9/25/2016,601.7472375
9/26/2016,608.1469625
9/27/2016,605.9622125
9/28/2016,605.679475
9/29/2016,606.36375
9/30/2016,609.3962875
10/1/2016,614.8238
10/2/2016,610.5189125
10/3/2016,611.8511
10/4/2016,609.6248125
10/5/2016,612.3522875
10/6/2016,612.08875
10/7/2016,617.21035
10/8/2016,618.046
10/9/2016,615.65675
10/10/2016,617.54825
10/11/2016,639.30995
10/12/2016,635.0139375
10/13/2016,635.9650875
10/14/2016,639.5656429
10/15/2016,637.9498571
10/16/2016,641.425125
10/17/2016,638.1833875
10/18/2016,636.2965
10/19/2016,629.253675
10/20/2016,630.22705
10/21/2016,631.9242125
10/22/2016,655.4886625
10/23/2016,653.0028625
10/24/2016,651.396425
10/25/2016,655.31995
10/26/2016,672.2214125
10/27/2016,682.2239625
10/28/2016,687.6883375
10/29/2016,714.89545
10/30/2016,698.0034
10/31/2016,702.0015125
11/1/2016,728.2068875
11/2/2016,733.336125
11/3/2016,686.170875
11/4/2016,703.6940875
11/5/2016,704.7909
11/6/2016,712.00325
11/7/2016,703.819
11/8/2016,708.974875
11/9/2016,720.9301
11/10/2016,713.690125
11/11/2016,715.4593
11/12/2016,703.718
11/13/2016,701.901125
11/14/2016,706.467875
11/15/2016,710.910125
11/16/2016,736.914375
11/17/2016,736.9615
11/18/2016,747.5217625
11/19/2016,750.030875
11/20/2016,729.066625
11/21/2016,738.537625
11/22/2016,748.749375
11/23/2016,741.6384
11/24/2016,737.450375
11/25/2016,739.786125
11/26/2016,733.673
11/27/2016,727.9655
11/28/2016,733.052125
11/29/2016,732.712125
11/30/2016,742.6967625
12/1/2016,752.246125
12/2/2016,772.43725
12/3/2016,764.339625
12/4/2016,764.81625
12/5/2016,754.63975
12/6/2016,756.6215
12/7/2016,766.1166375
12/8/2016,769.72975
12/9/2016,770.028125
12/10/2016,773.40125
12/11/2016,768.303125
12/12/2016,777.006875
12/13/2016,778.4935
12/14/2016,774.897
12/15/2016,776.75215
12/16/2016,781.568375
12/17/2016,788.7055
12/18/2016,788.40575
12/19/2016,789.524125
12/20/2016,793.0901375
12/21/2016,824.2189375
12/22/2016,860.599875
12/23/2016,901.3182375
12/24/2016,891.6126125
12/25/2016,886.900375
12/26/2016,897.335375
12/27/2016,930.376
12/28/2016,967.480375
12/29/2016,963.381625
12/30/2016,952.156375
12/31/2016,959.879875
1/1/2017,997.729875
1/2/2017,1015.977113
1/3/2017,1023.141875
1/4/2017,1126.763338
1/5/2017,994.674875
1/6/2017,883.099175
1/7/2017,896.830375
1/8/2017,908.1490375
1/9/2017,894.18025
1/10/2017,906.0569143
1/11/2017,785.2237375
1/12/2017,803.372375
1/13/2017,826.2956625
1/14/2017,817.912875
1/15/2017,822.2076
1/16/2017,830.505125
1/17/2017,903.84575
1/18/2017,874.9949625
1/19/2017,895.798875
1/20/2017,893.6210875
1/21/2017,920.4479
1/22/2017,918.603625
1/23/2017,922.0736125
1/24/2017,890.320225
1/25/2017,893.045625
1/26/2017,915.95625
1/27/2017,919.27975
1/28/2017,920.31225
1/29/2017,915.933
1/30/2017,921.179325
1/31/2017,964.706075
2/1/2017,979.703875
2/2/2017,1007.613713
2/3/2017,1013.027
2/4/2017,1030.999413
2/5/2017,1014.837725
2/6/2017,1024.01375
2/7/2017,1050.11
2/8/2017,1052.376613
2/9/2017,976.103
2/10/2017,999.1035
2/11/2017,1008.846663
2/12/2017,1000.604625
2/13/2017,999.877375
2/14/2017,1011.78025
2/15/2017,1012.325988
2/16/2017,1035.208125
2/17/2017,1055.53685
2/18/2017,1056.637138
2/19/2017,1052.779286
2/20/2017,1084.755013
2/21/2017,1123.788429
2/22/2017,1123.223188
2/23/2017,1172.01715
2/24/2017,1174.86625
2/25/2017,1150.605714
2/26/2017,1175.04975
2/27/2017,1190.75195
2/28/2017,1187.565286
3/1/2017,1222.4994
3/2/2017,1259.410817
3/3/2017,1285.14
3/4/2017,1267.0272
3/5/2017,1270.9333
3/6/2017,1275.197375
3/7/2017,1238.447
3/8/2017,1157.3933
3/9/2017,1192.469143
3/10/2017,1098.617129
3/11/2017,1179.159875
3/12/2017,1227.494625
3/13/2017,1239.816225
3/14/2017,1245.370786
3/15/2017,1257.399625
3/16/2017,1180.945657
3/17/2017,1091.171888
3/18/2017,952.2323625
3/19/2017,1029.800813
3/20/2017,1049.084488
3/21/2017,1118.630043
3/22/2017,1028.726863
3/23/2017,1038.789
3/24/2017,941.9197143
3/25/2017,959.3400857
3/26/2017,956.7863125
3/27/2017,1037.22925
3/28/2017,1046.127625
3/29/2017,1040.5755
3/30/2017,1037.90455
3/31/2017,1079.549314
4/1/2017,1086.929571
4/2/2017,1099.169125
4/3/2017,1141.813
4/4/2017,1141.600363
4/5/2017,1133.079314
4/6/2017,1196.307938
4/7/2017,1190.45425
4/8/2017,1181.149838
4/9/2017,1208.8005
4/10/2017,1207.744875
4/11/2017,1226.617038
4/12/2017,1218.92205
4/13/2017,1180.023713
4/14/2017,1185.260057
4/15/2017,1184.880671
4/16/2017,1186.927413
4/17/2017,1205.634875
4/18/2017,1216.186743
4/19/2017,1217.930088
4/20/2017,1241.686325
4/21/2017,1258.361413
4/22/2017,1261.311225
4/23/2017,1257.988113
4/24/2017,1262.902775
4/25/2017,1279.414688
4/26/2017,1309.109875
4/27/2017,1345.353913
4/28/2017,1331.294429
4/29/2017,1334.979038
4/30/2017,1353.0045
5/1/2017,1417.172813
5/2/2017,1452.076288
5/3/2017,1507.576857
5/4/2017,1508.292125
5/5/2017,1533.335071
5/6/2017,1560.4102
5/7/2017,1535.868429
5/8/2017,1640.619225
5/9/2017,1721.284971
5/10/2017,1762.88625
5/11/2017,1820.990563
5/12/2017,1720.4785
5/13/2017,1771.920013
5/14/2017,1776.3165
5/15/2017,1723.126938
5/16/2017,1739.031975
5/17/2017,1807.485063
5/18/2017,1899.082888
5/19/2017,1961.520488
5/20/2017,2052.909788
5/21/2017,2046.534463
5/22/2017,2090.662313
5/23/2017,2287.710288
5/24/2017,2379.193833
5/25/2017,2387.206286
5/26/2017,2211.976857
5/27/2017,2014.052963
5/28/2017,2192.9808
5/29/2017,2275.9307
5/30/2017,2239.205343
5/31/2017,2285.933914
6/1/2017,2399.242671
6/2/2017,2446.142414
6/3/2017,2525.765158
6/4/2017,2516.173143
6/5/2017,2698.313813
6/6/2017,2883.313697
6/7/2017,2664.920863
6/8/2017,2792.999188
6/9/2017,2827.4913
6/10/2017,2845.372857
6/11/2017,2961.829613
6/12/2017,2657.675063
6/13/2017,2748.185086
6/14/2017,2447.041563
6/15/2017,2442.48025
6/16/2017,2464.959814
6/17/2017,2665.927
6/18/2017,2507.389252
6/19/2017,2617.210263
6/20/2017,2754.97825
6/21/2017,2671.04325
6/22/2017,2727.288013
6/23/2017,2710.412286
6/24/2017,2589.164888
6/25/2017,2512.366286
6/26/2017,2436.451057
6/27/2017,2517.903114
6/28/2017,2585.349186
6/29/2017,2544.414475
6/30/2017,2477.641375
7/1/2017,2434.077863
7/2/2017,2501.191343
7/3/2017,2561.225429
7/4/2017,2599.729838
7/5/2017,2619.187503
7/6/2017,2609.96775
7/7/2017,2491.201214
7/8/2017,2562.130663
7/9/2017,2536.238938
7/10/2017,2366.170143
7/11/2017,2369.862129
7/12/2017,2385.748571
7/13/2017,2354.783417
7/14/2017,2190.947833
7/15/2017,2058.9956
7/16/2017,1931.2143
7/17/2017,2176.623488
7/18/2017,2320.12225
7/19/2017,2264.7657
7/20/2017,2898.188417
7/21/2017,2682.195363
7/22/2017,2807.609857
7/23/2017,2725.549717
7/24/2017,2751.821029
7/25/2017,2560.997917
7/26/2017,2495.028586
7/27/2017,2647.625
7/28/2017,2781.636583
7/29/2017,2722.512786
7/30/2017,2745.955417
7/31/2017,2866.431667
8/1/2017,2710.413067
8/2/2017,2693.633983
8/3/2017,2794.117717
8/4/2017,2873.851083
8/5/2017,3218.115017
8/6/2017,3252.562533
8/7/2017,3407.226833
8/8/2017,3457.374333
8/9/2017,3357.326317
8/10/2017,3424.4042
8/11/2017,3632.506667
8/12/2017,3852.802914
8/13/2017,4125.54802
8/14/2017,4282.992
8/15/2017,4217.028329
8/16/2017,4360.876871
8/17/2017,4328.725717
8/18/2017,4130.440067
8/19/2017,4222.662214
8/20/2017,4157.958033
8/21/2017,4043.722
8/22/2017,4082.180983
8/23/2017,4174.95
8/24/2017,4340.316717
8/25/2017,4363.05445
8/26/2017,4360.513317
8/27/2017,4354.308333
8/28/2017,4391.673517
8/29/2017,4607.98545
8/30/2017,4594.98785
8/31/2017,4748.255
9/1/2017,4911.740017
9/2/2017,4580.38748
9/3/2017,4648.159983
9/4/2017,4344.098317
9/5/2017,4488.72014
9/6/2017,4641.822017
9/7/2017,4654.6585
9/8/2017,4310.750183
9/9/2017,4375.55952
9/10/2017,4329.955
9/11/2017,4248.090017
9/12/2017,4219.036617
9/13/2017,3961.271267
9/14/2017,3319.63
9/15/2017,3774.265283
9/16/2017,3763.62604
9/17/2017,3746.060783
9/18/2017,4093.316667
9/19/2017,3943.413333
9/20/2017,3977.561667
9/21/2017,3658.898183
9/22/2017,3637.50255
9/23/2017,3776.3869
9/24/2017,3703.04065
9/25/2017,3942.555
9/26/2017,3910.307383
9/27/2017,4202.554983
9/28/2017,4201.98905
9/29/2017,4193.574667
9/30/2017,4335.368317
10/1/2017,4360.722967
10/2/2017,4386.88375
10/3/2017,4293.3066
10/4/2017,4225.175
10/5/2017,4338.852
10/6/2017,4345.603333
10/7/2017,4376.191667
10/8/2017,4602.280883
10/9/2017,4777.967817
10/10/2017,4782.28
10/11/2017,4819.485767
10/12/2017,5325.130683
10/13/2017,5563.806567
10/14/2017,5739.438733
10/15/2017,5647.311667
10/16/2017,5711.205867
10/17/2017,5603.71294
10/18/2017,5546.1761
10/19/2017,5727.6335
10/20/2017,5979.45984
10/21/2017,6020.371683
10/22/2017,5983.18455
10/23/2017,5876.079867
10/24/2017,5505.827767
10/25/2017,5669.622533
10/26/2017,5893.138417
10/27/2017,5772.504983
10/28/2017,5776.69695
10/29/2017,6155.43402
10/30/2017,6105.87422
10/31/2017,6388.645167
11/1/2017,6665.306683
11/2/2017,7068.0201
11/3/2017,7197.72006
11/4/2017,7437.543317
11/5/2017,7377.012367
11/6/2017,6989.071667
11/7/2017,7092.127233
11/8/2017,7415.87825
11/9/2017,7158.03706
11/10/2017,6719.39785
11/11/2017,6362.851033
11/12/2017,5716.301583
11/13/2017,6550.227533
11/14/2017,6635.412633
11/15/2017,7301.42992
11/16/2017,7815.0307
11/17/2017,7786.884367
11/18/2017,7817.140383
11/19/2017,8007.654067
11/20/2017,8255.596817
11/21/2017,8059.8
11/22/2017,8268.035
11/23/2017,8148.95
11/24/2017,8250.978333
11/25/2017,8707.407267
11/26/2017,9284.1438
11/27/2017,9718.29505
11/28/2017,9952.50882
11/29/2017,9879.328333
11/30/2017,10147.372
12/1/2017,10883.912
12/2/2017,11071.36833
12/3/2017,11332.622
12/4/2017,11584.83
12/5/2017,11878.43333
12/6/2017,13540.98
12/7/2017,16501.97167
12/8/2017,16007.43667
12/9/2017,15142.83415
12/10/2017,14869.805
12/11/2017,16762.11667
12/12/2017,17276.39333
12/13/2017,16808.36667
12/14/2017,16678.892
12/15/2017,17771.9
12/16/2017,19498.68333
12/17/2017,19289.785
12/18/2017,18961.85667
12/19/2017,17737.11167
12/20/2017,16026.27167
12/21/2017,16047.51
12/22/2017,15190.945
12/23/2017,15360.26167
12/24/2017,13949.175
12/25/2017,14119.02833
12/26/2017,15999.04833
12/27/2017,15589.32167
12/28/2017,14380.58167
12/29/2017,14640.14
12/30/2017,13215.574
12/31/2017,14165.575
1/1/2018,13812.18667
1/2/2018,15005.85667
1/3/2018,15053.26167
1/4/2018,15199.355
1/5/2018,17174.12
1/6/2018,17319.198
1/7/2018,16651.47167
1/8/2018,15265.90667
1/9/2018,14714.25333
1/10/2018,15126.39833
1/11/2018,13296.794
1/12/2018,13912.882
1/13/2018,14499.77333
1/14/2018,13852.92
1/15/2018,14012.196
1/16/2018,11180.99833
1/17/2018,11116.94667
1/18/2018,11345.42333
1/19/2018,11422.44
1/20/2018,12950.79333
1/21/2018,11505.228
1/22/2018,10544.59333
1/23/2018,11223.064
1/24/2018,11282.25833
1/25/2018,11214.44
1/26/2018,10969.815
1/27/2018,11524.77667
1/28/2018,11765.71
1/29/2018,11212.655
1/30/2018,10184.06167
1/31/2018,10125.01333
